date,home_team,away_team,home_score,away_score,H_rank,A_rank,Rank_diff,Rank_value,H_attack,H_defence,A_attack,A_defence
03/09/2010,China PR,Iran,0,2,84,63,21,0.105,1.417304165,0.946235458,2.12195723,0.372840826
07/09/2010,South Korea,Iran,0,1,42,63,-21,-0.105,1.46293475,0.540009651,1.905800878,0.526808344
07/09/2010,Qatar,Oman,1,1,106,91,15,0.075,1.440121013,0.932943731,1.1846371,0.864304837
21/09/2010,Iraq,Oman,3,2,102,91,11,0.055,1.185510073,0.892252372,1.164050781,0.87896841
28/09/2010,Oman,Iran,2,2,91,63,28,0.14,0.912132608,0.871794772,2.157983288,0.347179573
01/10/2010,Iran,Iraq,2,1,63,102,-39,-0.195,2.178587765,0.314635913,0.898825584,0.80570944
08/10/2010,China PR,Syria,2,1,84,100,-16,-0.08,1.552942216,0.755812006,1.138574954,1.132634063
12/10/2010,South Korea,Japan,0,0,42,31,11,0.055,1.345626165,0.704700205,1.780716612,0.46679041
12/10/2010,Qatar,Iraq,1,2,106,102,4,0.02,1.480445839,0.876331353,1.120128515,0.648076029
23/11/2010,Iraq,United Arab Emirates,0,0,102,96,6,0.03,1.203839539,0.866519473,1.649192906,0.888368136
26/11/2010,United Arab Emirates,Oman,0,0,96,91,5,0.025,1.536290349,0.915737513,1.133171302,0.900963769
28/11/2010,Qatar,Saudi Arabia,1,1,106,72,34,0.17,1.370469041,1.030728748,1.574277579,0.602385735
29/11/2010,Oman,Iraq,0,0,91,102,-11,-0.055,1.055102446,0.67107816,1.042929818,0.703064428
02/12/2010,United Arab Emirates,Saudi Arabia,0,1,96,72,24,0.12,1.466638377,1.01352253,1.522811781,0.639044667
18/12/2010,Iraq,Syria,0,1,102,100,2,0.01,1.218503112,0.845933154,1.23121339,1.066647984
22/12/2010,Syria,Iraq,0,1,100,102,-2,-0.01,1.52553001,0.805881617,1.089249037,0.670071389
28/12/2010,Saudi Arabia,Iraq,0,1,72,102,-30,-0.15,1.419262426,0.775126496,0.945144802,0.7727164
30/12/2010,Syria,South Korea,0,1,100,42,58,0.29,1.305576414,1.114676406,1.552888815,0.640664459
02/01/2011,Iraq,China PR,2,3,94,74,20,0.1,1.152517033,0.93857159,1.485414617,0.712896195
02/01/2011,United Arab Emirates,Syria,2,0,112,107,5,0.025,1.536290349,0.915737513,1.24665313,1.055650305
05/01/2011,United Arab Emirates,Australia,0,0,112,21,91,0.455,1.221023528,1.358343376,2.749989143,0.174074386
09/01/2011,Saudi Arabia,Syria,1,2,90,107,-17,-0.085,1.371605814,0.842032034,1.133428374,1.136299957
11/01/2011,Iraq,Iran,1,2,94,49,45,0.225,1.060869702,1.067236085,2.245475145,0.284859388
12/01/2011,Qatar,China PR,2,0,93,74,19,0.095,1.42545744,0.95353005,1.480268037,0.716562088
13/01/2011,Syria,Japan,1,2,107,17,90,0.45,1.188267829,1.27936696,2.187296417,0.177184841
14/01/2011,Australia,South Korea,1,1,21,31,-10,-0.05,1.858685886,0.627444729,1.202921388,0.889945201
15/01/2011,United Arab Emirates,Iraq,0,1,112,94,18,0.09,1.488633737,0.982643051,1.192180633,0.596753523
17/01/2011,Saudi Arabia,Japan,0,5,90,17,73,0.365,1.04167542,1.305224216,2.09980456,0.239505027
19/01/2011,United Arab Emirates,Iran,0,3,112,49,63,0.315,1.32366854,1.214239142,2.338113582,0.218873309
21/01/2011,Qatar,Japan,2,3,93,17,76,0.38,1.216501524,1.246885099,2.1152443,0.228507347
22/01/2011,Australia,Iraq,1,0,21,94,-73,-0.365,2.089637162,0.303210202,0.723841871,0.930349811
22/01/2011,Iran,South Korea,0,1,49,31,18,0.09,1.969631849,0.607990962,1.347025623,0.78730019
25/01/2011,Japan,South Korea,2,2,17,31,-14,-0.07,1.922532673,0.918707816,1.182335069,0.904608774
29/01/2011,Australia,Japan,0,1,21,17,4,0.02,1.80736338,0.699496847,1.744690554,0.492451663
29/06/2011,Iraq,Syria,1,2,94,107,-13,-0.065,1.273491511,0.768734457,1.154014693,1.121636384
09/07/2011,Lebanon,Oman,0,1,156,103,53,0.265,0.769701813,1.430749186,1.380207133,0.725000892
15/07/2011,Oman,Syria,1,1,103,107,-4,-0.02,1.029441193,0.707104218,1.200333911,1.088643344
17/07/2011,United Arab Emirates,Lebanon,6,2,112,156,-44,-0.22,1.71591912,0.663555103,0.444585317,1.167070022
23/07/2011,Qatar,Vietnam,3,0,93,132,-39,-0.195,1.63807925,0.655028422,1.496511039,1.15475638
28/07/2011,Vietnam,Qatar,2,1,132,93,39,0.195,1.026042794,0.864053565,1.631318355,0.650384532
10/08/2011,Japan,South Korea,3,0,17,31,-14,-0.07,1.922532673,0.918707816,1.182335069,0.904608774
17/08/2011,Lebanon,Syria,2,3,156,107,49,0.245,0.784365386,1.410162867,1.473102641,0.894351001
19/08/2011,Qatar,Iraq,0,1,93,94,-1,-0.005,1.498775305,0.850598454,1.094395616,0.666405495
25/08/2011,United Arab Emirates,Qatar,3,1,112,93,19,0.095,1.484967844,0.987789631,1.528386759,0.723702398
02/09/2011,South Korea,Lebanon,6,0,31,156,-125,-0.625,1.84418765,0.004765352,0.027712353,1.464007377
02/09/2011,Oman,Saudi Arabia,0,0,103,90,13,0.065,0.967121007,0.794596075,1.466199403,0.679369493
06/09/2011,Lebanon,United Arab Emirates,3,1,156,112,44,0.22,0.802694853,1.384429967,1.844762939,0.749064192
06/09/2011,Qatar,Iran,1,1,93,49,44,0.22,1.333810108,1.082194546,2.240328565,0.288525281
06/09/2011,Saudi Arabia,Australia,1,3,90,21,69,0.345,1.056338993,1.284637897,2.636764387,0.254724038
06/10/2011,China PR,United Arab Emirates,2,1,74,112,-38,-0.19,1.633591868,0.64258725,1.422743395,1.04966744
07/10/2011,Japan,Vietnam,1,0,17,132,-115,-0.575,2.292787894,0.398903256,1.105370974,1.433364269
11/10/2011,Australia,Oman,3,0,21,103,-82,-0.41,2.122630201,0.256890983,0.685418859,1.219896484
11/10/2011,China PR,Iraq,0,1,74,94,-20,-0.1,1.567605789,0.735225686,0.9966106,0.736057468
11/10/2011,South Korea,United Arab Emirates,2,1,31,112,-81,-0.405,1.682888346,0.231214863,1.201440463,1.207300851
04/11/2011,Qatar,Oman,0,0,93,103,-10,-0.05,1.531768345,0.804279236,1.055972605,0.955952168
06/11/2011,Iraq,Lebanon,1,0,94,156,-62,-0.31,1.453120282,0.516552046,0.35194688,1.233056101
11/11/2011,Iraq,China PR,1,0,94,74,20,0.1,1.152517033,0.93857159,1.485414617,0.712896195
11/11/2011,Oman,Australia,1,0,103,21,82,0.41,0.714174372,1.149710082,2.703669924,0.207067426
11/11/2011,United Arab Emirates,South Korea,0,2,112,31,81,0.405,1.257682461,1.306877578,1.671260151,0.556348914
15/11/2011,Lebanon,South Korea,2,1,156,31,125,0.625,0.505757498,1.801302932,1.897709662,0.39504961
15/11/2011,Saudi Arabia,Oman,0,0,90,103,-13,-0.065,1.356942241,0.862618353,1.040532866,0.966949848
22/01/2012,Lebanon,Iraq,1,0,124,80,44,0.22,0.802694853,1.384429967,1.325991708,0.501440298
29/02/2012,Australia,Saudi Arabia,4,2,25,100,-75,-0.375,2.096968948,0.292917042,1.01330038,1.001968101
29/02/2012,Iran,Qatar,2,2,50,94,-44,-0.22,2.196917231,0.288903014,1.204152231,0.954653674
29/02/2012,United Arab Emirates,Lebanon,4,2,119,124,-5,-0.025,1.572949282,0.864271715,0.645301929,1.024100184
27/05/2012,Oman,Lebanon,1,1,93,124,-31,-0.155,1.128420311,0.568146564,0.511490854,1.119413409
03/06/2012,Japan,Oman,3,0,25,93,-68,-0.34,2.12049091,0.640792507,0.757470977,1.168573978
03/06/2012,Lebanon,Qatar,0,1,124,94,30,0.15,0.854017358,1.31237785,1.584999137,0.683377572
08/06/2012,China PR,Vietnam,3,0,75,118,-43,-0.215,1.651921334,0.616854351,1.47592472,1.169419953
08/06/2012,Oman,Australia,0,0,93,25,68,0.34,0.765496877,1.077657964,2.631617807,0.258389932
08/06/2012,Qatar,South Korea,1,4,94,31,63,0.315,1.264158136,1.179979562,1.578621714,0.622334992
12/06/2012,Australia,Japan,1,1,25,25,0,0,1.822026953,0.678910527,1.724104235,0.507115236
12/06/2012,Iran,Qatar,0,0,50,94,-44,-0.22,2.196917231,0.288903014,1.204152231,0.954653674
12/06/2012,Iraq,Oman,1,1,80,93,-13,-0.065,1.273491511,0.768734457,1.040532866,0.966949848
12/06/2012,South Korea,Lebanon,3,0,31,124,-93,-0.465,1.726879065,0.169455905,0.192402907,1.346698792
24/06/2012,Iraq,Lebanon,1,0,80,124,-44,-0.22,1.387134203,0.609190483,0.444585317,1.167070022
05/07/2012,Saudi Arabia,Iraq,0,1,100,80,20,0.1,1.235967763,1.032455487,1.202473792,0.589421737
06/09/2012,Japan,United Arab Emirates,1,0,25,119,-94,-0.47,2.215804135,0.506981432,1.134534926,1.254957463
06/09/2012,Lebanon,Australia,0,3,124,25,99,0.495,0.601070723,1.667491857,2.791161781,0.14474724
11/09/2012,Japan,Iraq,1,0,25,80,-55,-0.275,2.072834297,0.707698044,0.816480307,0.864363732
11/09/2012,Lebanon,Iran,1,0,124,50,74,0.37,0.692718054,1.538827362,2.394725959,0.178548483
16/10/2012,Iran,South Korea,1,0,50,31,19,0.095,1.965965955,0.613137542,1.352172203,0.783634296
16/10/2012,Iraq,Australia,1,2,80,25,55,0.275,1.024210769,1.118701883,2.56471227,0.306046544
14/11/2012,South Korea,Australia,1,2,31,25,6,0.03,1.363955631,0.678967306,2.312529859,0.485675314
14/11/2012,Oman,Japan,1,2,93,25,68,0.34,0.765496877,1.077657964,2.074071661,0.257834493
14/11/2012,Qatar,Lebanon,1,0,94,124,-30,-0.15,1.60508621,0.70134764,0.516637434,1.115747516
08/12/2012,Oman,Lebanon,0,1,93,124,-31,-0.155,1.128420311,0.568146564,0.511490854,1.119413409
09/12/2012,Iran,Saudi Arabia,0,0,50,100,-50,-0.25,2.218912591,0.258023535,1.141964875,0.910320769
13/12/2012,Iraq,Syria,1,1,80,134,-54,-0.27,1.423793135,0.557724685,0.943004921,1.271938008
18/12/2012,Oman,Iraq,0,2,93,80,13,0.065,0.967121007,0.794596075,1.166447734,0.61508299
20/12/2012,Iraq,Syria,0,1,80,134,-54,-0.27,1.423793135,0.557724685,0.943004921,1.271938008
05/01/2013,Qatar,United Arab Emirates,1,3,105,86,19,0.095,1.42545744,0.95353005,1.716098444,0.840711524
06/01/2013,Saudi Arabia,Iraq,0,2,105,100,5,0.025,1.290956162,0.95525679,1.125275095,0.644410136
08/01/2013,Qatar,Oman,2,1,105,98,7,0.035,1.469448159,0.891771093,1.143464462,0.893631983
11/01/2013,United Arab Emirates,Oman,2,0,86,98,-12,-0.06,1.598610535,0.828245657,1.045679446,0.963283955
18/01/2013,United Arab Emirates,Iraq,2,1,86,100,-14,-0.07,1.605942322,0.817952497,1.027490079,0.714062108
30/01/2013,Oman,China PR,1,0,98,97,1,0.005,1.011111726,0.732837117,1.3876296,0.782548167
31/01/2013,Qatar,Lebanon,1,0,105,126,-21,-0.105,1.572093171,0.747666858,0.562956652,1.082754477
06/02/2013,Iran,Lebanon,5,0,53,126,-73,-0.365,2.303228136,0.1396522,0.295334503,1.273380927
06/02/2013,Oman,Syria,1,0,98,138,-40,-0.2,1.161413351,0.521827345,1.015057038,1.220615502
06/02/2013,Saudi Arabia,China PR,2,1,105,97,8,0.04,1.279958482,0.970696529,1.423655659,0.756886914
06/02/2013,Vietnam,United Arab Emirates,1,2,142,86,56,0.28,0.963722608,0.951545422,1.906521896,0.705073473
22/03/2013,China PR,Iraq,1,0,97,100,-3,-0.015,1.505285603,0.822717543,1.084102457,0.673737282
26/03/2013,Australia,Oman,2,2,47,98,-51,-0.255,2.00898751,0.416434957,0.844962833,1.106253792
26/03/2013,Iraq,Syria,2,1,100,138,-38,-0.19,1.365138843,0.640069961,1.025350198,1.213283715
26/03/2013,South Korea,Qatar,2,1,47,105,-58,-0.29,1.598572801,0.349586199,1.132100114,1.00597618
22/05/2013,Oman,Iran,3,1,98,53,45,0.225,0.849812423,0.959286629,2.245475145,0.284859388
29/05/2013,Oman,Lebanon,1,1,98,126,-28,-0.14,1.117422631,0.583586303,0.526930594,1.10841573
04/06/2013,Japan,Australia,1,1,35,47,-12,-0.06,1.915200887,0.929000976,2.219891423,0.551661393
04/06/2013,Lebanon,South Korea,1,1,126,47,79,0.395,0.674388588,1.564560261,1.660966991,0.5636807
04/06/2013,Oman,Iraq,1,0,98,100,-2,-0.01,1.022109406,0.717397378,1.089249037,0.670071389
04/06/2013,Qatar,Iran,0,1,105,53,52,0.26,1.304482962,1.123367184,2.281501204,0.259198135
11/06/2013,Iran,Lebanon,4,0,53,126,-73,-0.365,2.303228136,0.1396522,0.295334503,1.273380927
11/06/2013,Iraq,Japan,0,1,100,35,65,0.325,0.987551836,1.170167681,2.058631922,0.268832173
18/06/2013,Australia,Iraq,1,0,47,100,-53,-0.265,2.016319297,0.406141798,0.826773467,0.857031945
18/06/2013,South Korea,Iran,0,1,47,53,-6,-0.03,1.407946351,0.617208348,1.982999575,0.471819944
20/07/2013,South Korea,Australia,0,0,47,47,0,0,1.385950991,0.648087827,2.28165038,0.507670674
21/07/2013,Japan,China PR,3,3,35,97,-62,-0.31,2.09849555,0.671671986,1.063395073,1.013499443
24/07/2013,South Korea,China PR,0,0,47,97,-50,-0.25,1.569245654,0.390758837,1.12515403,0.969508724
25/07/2013,Japan,Australia,3,2,35,47,-12,-0.06,1.915200887,0.929000976,2.219891423,0.551661393
28/07/2013,Australia,China PR,3,4,47,97,-50,-0.25,2.005321617,0.421581537,1.12515403,0.969508724
28/07/2013,South Korea,Japan,1,2,47,35,12,0.06,1.341960272,0.709846785,1.785863192,0.463124517
06/09/2013,Lebanon,Syria,2,0,126,138,-12,-0.06,1.007984876,1.096221498,1.159161273,1.11797049
09/09/2013,Qatar,Lebanon,1,1,105,126,-21,-0.105,1.572093171,0.747666858,0.562956652,1.082754477
08/10/2013,Lebanon,Iraq,1,1,126,100,26,0.13,0.868680931,1.291791531,1.233353271,0.567426377
09/10/2013,Qatar,Vietnam,1,2,105,142,-37,-0.185,1.630747463,0.665321581,1.506804199,1.147424594
15/10/2013,Iraq,Saudi Arabia,0,2,100,105,-5,-0.025,1.244164365,0.809907095,1.373560966,0.745355572
15/11/2013,Saudi Arabia,Iraq,2,1,105,100,5,0.025,1.290956162,0.95525679,1.125275095,0.644410136
19/11/2013,China PR,Saudi Arabia,0,0,97,105,-8,-0.04,1.52361507,0.796984644,1.358121227,0.756353252
19/11/2013,Lebanon,Iran,1,4,126,53,73,0.365,0.696383948,1.533680782,2.38957938,0.182214376
19/11/2013,Syria,Oman,0,1,138,98,40,0.2,1.371562493,1.022037969,1.313301595,0.772657505
19/11/2013,United Arab Emirates,Vietnam,5,0,86,142,-56,-0.28,1.759909839,0.601796145,1.409019182,1.217076566
31/12/2013,Iraq,Oman,0,0,100,98,2,0.01,1.218503112,0.845933154,1.117731563,0.911961449
31/12/2013,Qatar,Saudi Arabia,4,1,105,105,0,0,1.495109412,0.855745034,1.399293865,0.727026106
05/03/2014,Iraq,China PR,3,1,100,95,5,0.025,1.207505432,0.861372893,1.408215919,0.767884594
08/09/2014,Australia,Saudi Arabia,3,2,74,84,-10,-0.05,1.858685886,0.627444729,1.347828067,0.763685039
09/10/2014,Qatar,Lebanon,5,0,96,121,-25,-0.125,1.586756744,0.727080539,0.542370333,1.09741805
10/10/2014,United Arab Emirates,Australia,0,0,70,74,-4,-0.02,1.569283389,0.869418295,2.261064061,0.522334247
14/10/2014,Qatar,Australia,1,0,96,74,22,0.11,1.41445976,0.96896979,2.394875136,0.427021022
14/10/2014,Saudi Arabia,Lebanon,1,1,84,121,-37,-0.185,1.444923679,0.739100438,0.480611376,1.141408769
06/11/2014,United Arab Emirates,Lebanon,3,2,70,121,-51,-0.255,1.741580373,0.627529044,0.408559258,1.192731275
13/11/2014,Saudi Arabia,Qatar,1,1,84,96,-12,-0.06,1.353276347,0.867764933,1.368842785,0.837345089
14/11/2014,United Arab Emirates,Oman,0,0,70,81,-11,-0.055,1.594944642,0.833392236,1.050826025,0.959618062
17/11/2014,Iraq,Oman,1,1,100,81,19,0.095,1.156182927,0.93342501,1.20522342,0.849641263
18/11/2014,Iran,South Korea,1,0,44,60,-16,-0.08,2.09427222,0.433007249,1.17204191,0.911940561
18/11/2014,Japan,Australia,2,1,49,74,-25,-0.125,1.962857499,0.862095439,2.152985885,0.599318006
20/11/2014,United Arab Emirates,Iraq,2,0,70,100,-30,-0.15,1.664596614,0.73560722,0.945144802,0.7727164
23/11/2014,Oman,Qatar,1,3,81,96,-15,-0.075,1.069766019,0.65049184,1.353403045,0.848342769
23/11/2014,Saudi Arabia,United Arab Emirates,3,2,84,70,14,0.07,1.257963122,1.001576008,1.690365545,0.85904099
25/11/2014,United Arab Emirates,Oman,1,0,70,81,-11,-0.055,1.594944642,0.833392236,1.050826025,0.959618062
26/11/2014,Saudi Arabia,Qatar,1,2,84,96,-12,-0.06,1.353276347,0.867764933,1.368842785,0.837345089
31/12/2014,Qatar,Oman,2,2,96,81,15,0.075,1.440121013,0.932943731,1.1846371,0.864304837
04/01/2015,Iran,Iraq,1,0,42,90,-48,-0.24,2.211580805,0.268316695,0.852506366,0.838702479
04/01/2015,South Korea,Saudi Arabia,2,0,56,93,-37,-0.185,1.521589042,0.457664374,1.208870413,0.862664157
05/01/2015,China PR,Oman,4,1,83,98,-15,-0.075,1.549276323,0.760958585,1.030239706,0.974281635
10/01/2015,South Korea,Oman,1,0,56,98,-42,-0.21,1.539918508,0.431931475,0.891282051,1.073260753
10/01/2015,Saudi Arabia,China PR,0,1,93,83,10,0.05,1.272626696,0.980989689,1.433948819,0.749555128
11/01/2015,United Arab Emirates,Qatar,4,1,70,96,-26,-0.13,1.649933041,0.756193539,1.296790667,0.888667595
13/01/2015,Australia,Oman,4,0,65,98,-33,-0.165,1.943001431,0.509073394,0.93760127,1.040267714
15/01/2015,Qatar,Iran,0,1,96,42,54,0.27,1.297151175,1.133660344,2.291794363,0.251866348
16/01/2015,Iraq,Japan,0,1,90,53,37,0.185,1.090196848,1.026063447,1.914527687,0.371477185
17/01/2015,Australia,South Korea,0,1,65,56,9,0.045,1.789033914,0.725229746,1.300706405,0.820293229
19/01/2015,Iran,United Arab Emirates,1,0,42,70,-28,-0.14,2.138262939,0.371248291,1.474209193,1.013008507
22/01/2015,Australia,China PR,2,0,65,83,-18,-0.09,1.888013032,0.586272091,1.289844584,0.852200139
23/01/2015,Iran,Iraq,3,3,42,90,-48,-0.24,2.211580805,0.268316695,0.852506366,0.838702479
23/01/2015,Japan,United Arab Emirates,1,1,53,70,-17,-0.085,1.933530353,0.903268077,1.530821571,0.972683681
26/01/2015,South Korea,Iraq,2,0,56,90,-34,-0.17,1.510591362,0.473104114,0.924558483,0.787379973
27/01/2015,Australia,United Arab Emirates,2,0,65,70,-5,-0.025,1.84035642,0.653177628,1.592580528,0.928692962
30/01/2015,Iraq,United Arab Emirates,2,3,90,70,20,0.1,1.152517033,0.93857159,1.721245023,0.83704563
31/01/2015,Australia,South Korea,2,1,65,56,9,0.045,1.789033914,0.725229746,1.300706405,0.820293229
24/05/2015,Lebanon,Syria,2,2,135,130,5,0.025,0.94566469,1.183713355,1.24665313,1.055650305
05/06/2015,Oman,Syria,1,2,98,130,-32,-0.16,1.132086204,0.562999984,1.056229677,1.191288356
11/06/2015,Japan,Iraq,4,0,53,90,-37,-0.185,2.006848219,0.800336481,0.909118743,0.798377653
11/06/2015,South Korea,United Arab Emirates,3,0,56,70,-14,-0.07,1.437273497,0.57603571,1.54626131,0.961686002
02/08/2015,China PR,South Korea,0,2,83,56,27,0.135,1.395308805,0.977114937,1.393344841,0.75430715
05/08/2015,Japan,South Korea,1,1,53,56,-3,-0.015,1.882207847,0.975320194,1.238947447,0.864283948
09/08/2015,China PR,Japan,1,1,83,53,30,0.15,1.384311125,0.992554677,1.878501629,0.397138438
26/08/2015,Lebanon,Iraq,2,3,135,90,45,0.225,0.799028959,1.389576547,1.331138287,0.497774405
08/09/2015,Lebanon,South Korea,0,3,135,56,79,0.395,0.674388588,1.564560261,1.660966991,0.5636807
02/10/2015,Oman,Syria,2,1,98,130,-32,-0.16,1.132086204,0.562999984,1.056229677,1.191288356
08/10/2015,Oman,Iran,1,1,98,42,56,0.28,0.809487597,1.015899007,2.302087523,0.244534562
08/10/2015,Qatar,China PR,1,0,96,83,13,0.065,1.4474528,0.922650572,1.449388558,0.738557448
08/10/2015,Saudi Arabia,United Arab Emirates,2,1,93,70,23,0.115,1.224970083,1.047895226,1.736684763,0.826047951
08/10/2015,Syria,Japan,0,3,130,53,77,0.385,1.235924442,1.212461422,2.12039088,0.224841454
08/10/2015,Vietnam,Iraq,1,1,139,90,49,0.245,0.989383861,0.915519363,1.351724607,0.483110832
13/10/2015,Iran,Japan,1,1,42,53,-11,-0.055,2.075942754,0.458740148,1.667491857,0.547440062
18/03/2016,Iraq,Syria,0,1,106,109,-3,-0.015,1.236832579,0.820200255,1.205480491,1.084977451
24/03/2016,South Korea,Lebanon,1,0,49,148,-99,-0.495,1.748874425,0.138576427,0.161523428,1.368694152
29/03/2016,China PR,Qatar,2,0,83,84,-1,-0.005,1.497953817,0.833010703,1.425455163,0.797020263
29/03/2016,Iran,Oman,2,0,38,107,-69,-0.345,2.288564563,0.160238519,0.752324397,1.172239871
29/03/2016,Iraq,Vietnam,1,0,106,140,-34,-0.17,1.35047527,0.660656281,1.522243938,1.136426914
29/03/2016,Japan,Syria,5,0,53,109,-56,-0.28,2.076500191,0.702551465,0.932711762,1.279269794
29/03/2016,United Arab Emirates,Saudi Arabia,1,1,68,60,8,0.04,1.52529267,0.931177253,1.440466504,0.69769896
31/05/2016,Vietnam,Syria,2,0,140,109,31,0.155,1.05536994,0.822880927,1.380464205,0.96033708
05/06/2016,United Arab Emirates,Syria,0,1,68,109,-41,-0.205,1.70492144,0.678994842,1.009910459,1.224281395
08/08/2016,Qatar,Iraq,2,1,84,106,-22,-0.11,1.575759064,0.742520278,0.986317441,0.743389254
01/09/2016,Australia,Iraq,2,0,54,106,-52,-0.26,2.012653403,0.411288378,0.831920046,0.853366052
01/09/2016,Iran,Qatar,2,0,38,84,-46,-0.23,2.204249018,0.278609855,1.193859071,0.96198546
01/09/2016,Japan,United Arab Emirates,1,2,53,68,-15,-0.075,1.926198567,0.913561237,1.54111473,0.965351895
01/09/2016,South Korea,China PR,3,2,49,83,-34,-0.17,1.510591362,0.473104114,1.207499307,0.910854431
06/09/2016,China PR,Iran,0,0,83,38,45,0.225,1.329322726,1.069753374,2.245475145,0.284859388
06/09/2016,Iraq,Saudi Arabia,1,2,106,60,46,0.23,1.057203808,1.072382665,1.636036536,0.558395016
06/09/2016,Syria,South Korea,0,0,109,49,60,0.3,1.298244627,1.124969565,1.563181975,0.633332672
06/09/2016,United Arab Emirates,Australia,0,1,68,54,14,0.07,1.50329731,0.962056731,2.353702498,0.456348168
06/10/2016,China PR,Syria,0,1,83,109,-26,-0.13,1.589601149,0.704346208,1.087109156,1.169292996
06/10/2016,Japan,Iraq,2,1,53,106,-53,-0.265,2.065502511,0.717991204,0.826773467,0.857031945
06/10/2016,South Korea,Qatar,3,2,49,84,-35,-0.175,1.514257255,0.467957534,1.250471449,0.921660634
06/10/2016,Saudi Arabia,Australia,2,2,60,54,6,0.03,1.287290269,0.960403369,2.312529859,0.485675314
11/10/2016,Australia,Japan,1,1,54,53,1,0.005,1.81836106,0.684057107,1.729250814,0.503449343
11/10/2016,Iran,South Korea,1,0,38,49,-11,-0.055,2.075942754,0.458740148,1.197774809,0.893611094
11/10/2016,Qatar,Syria,1,0,84,109,-25,-0.125,1.586756744,0.727080539,1.092255735,1.165627103
11/10/2016,Saudi Arabia,United Arab Emirates,3,0,60,68,-8,-0.04,1.338612774,0.888351252,1.577140789,0.939690642
11/11/2016,Japan,Oman,4,0,53,107,-54,-0.27,2.069168404,0.712844624,0.829523094,1.117251472
15/11/2016,China PR,Qatar,0,0,83,84,-1,-0.005,1.497953817,0.833010703,1.425455163,0.797020263
15/11/2016,Japan,Saudi Arabia,2,1,53,60,-7,-0.035,1.89687142,0.954733875,1.363267807,0.752687359
15/11/2016,Syria,Iran,0,0,109,38,71,0.355,1.257919801,1.181581943,2.37928622,0.189546163
15/11/2016,United Arab Emirates,Iraq,2,0,68,106,-38,-0.19,1.69392376,0.694434582,0.903972164,0.802043546
18/03/2017,Iran,Iraq,0,1,29,104,-75,-0.375,2.310559923,0.12935904,0.713548711,0.937681597
23/03/2017,China PR,South Korea,1,0,75,48,27,0.135,1.395308805,0.977114937,1.393344841,0.75430715
23/03/2017,Iraq,Australia,1,1,104,47,57,0.285,1.016878982,1.128995043,2.575005429,0.298714758
23/03/2017,Qatar,Iran,0,1,89,29,60,0.3,1.275155816,1.164539822,2.322673842,0.229870989
23/03/2017,United Arab Emirates,Japan,0,2,72,47,25,0.125,1.462972484,1.018669109,1.85276873,0.415467904
28/03/2017,Australia,United Arab Emirates,2,0,47,72,-25,-0.125,1.913674285,0.550246032,1.489648932,1.002010828
28/03/2017,Iran,China PR,1,0,29,75,-46,-0.23,2.204249018,0.278609855,1.145740349,0.954845151
28/03/2017,South Korea,Syria,1,0,48,82,-34,-0.17,1.510591362,0.473104114,1.045936517,1.198620142
28/03/2017,Saudi Arabia,Iraq,1,0,57,104,-47,-0.235,1.481582612,0.68763464,0.857652945,0.835036586
02/06/2017,Oman,Syria,1,1,114,82,32,0.16,0.897469035,0.892381091,1.385610784,0.956671186
07/06/2017,Iraq,South Korea,0,0,104,48,56,0.28,1.020544876,1.123848463,1.542595655,0.647996245
07/06/2017,Japan,Syria,1,1,47,82,-35,-0.175,1.999516432,0.810629641,1.040789937,1.202286036
08/06/2017,Australia,Saudi Arabia,3,2,47,57,-10,-0.05,1.858685886,0.627444729,1.347828067,0.763685039
13/06/2017,Iraq,Japan,1,1,104,47,57,0.285,1.016878982,1.128995043,2.017459283,0.298159319
13/06/2017,Qatar,South Korea,3,2,89,48,41,0.205,1.344807788,1.066754806,1.465396958,0.702984644
13/06/2017,Syria,China PR,2,2,82,75,7,0.035,1.49253697,0.852200836,1.418509079,0.760552807
26/08/2017,Iraq,Syria,1,1,104,82,22,0.11,1.145185247,0.94886475,1.334144986,0.993330119
29/08/2017,United Arab Emirates,Saudi Arabia,2,1,72,57,15,0.075,1.499631417,0.967203311,1.476492562,0.672037707
31/08/2017,Japan,Australia,2,0,47,47,0,0,1.871210168,0.990759934,2.28165038,0.507670674
31/08/2017,South Korea,Iran,0,0,48,29,19,0.095,1.316299019,0.745872844,2.11166407,0.380172613
31/08/2017,Syria,Qatar,3,1,82,89,-7,-0.035,1.543859476,0.780148718,1.394575684,0.819015623
05/09/2017,Iran,Syria,2,2,29,82,-53,-0.265,2.229910271,0.242583796,0.948151501,1.268272114
05/09/2017,Iraq,United Arab Emirates,1,0,104,72,32,0.16,1.108526314,1.000330548,1.783003981,0.793054911
05/09/2017,Qatar,China PR,1,2,89,75,14,0.07,1.443786906,0.927797151,1.454535138,0.734891554
05/09/2017,Saudi Arabia,Japan,1,0,57,47,10,0.05,1.272626696,0.980989689,1.775570033,0.470456303
05/10/2017,Syria,Australia,1,1,82,47,35,0.175,1.389891959,0.99630507,2.461780674,0.37936441
10/10/2017,Australia,Syria,2,1,47,82,-35,-0.175,1.950333218,0.498780234,1.040789937,1.202286036
13/11/2017,Iraq,Syria,1,1,104,82,22,0.11,1.145185247,0.94886475,1.334144986,0.993330119
09/12/2017,South Korea,China PR,2,2,48,75,-27,-0.135,1.484930109,0.509130173,1.243525366,0.885193179
12/12/2017,Japan,China PR,2,1,47,75,-28,-0.14,1.973855179,0.846655699,1.238378786,0.888859072
16/12/2017,Japan,South Korea,1,4,47,48,-1,-0.005,1.874876061,0.985613354,1.249240607,0.856952162
22/12/2017,Oman,United Arab Emirates,0,1,114,72,42,0.21,0.860810102,0.943846889,1.834469779,0.756395978
25/12/2017,United Arab Emirates,Saudi Arabia,0,0,72,57,15,0.075,1.499631417,0.967203311,1.476492562,0.672037707
26/12/2017,Iraq,Qatar,2,1,104,89,15,0.075,1.1708465,0.912838691,1.507800439,0.738365971
28/12/2017,Saudi Arabia,Oman,0,2,57,114,-57,-0.285,1.518241545,0.636168842,0.814083354,1.128249152
02/01/2018,Iraq,United Arab Emirates,0,0,87,78,9,0.045,1.192841859,0.881959212,1.664632646,0.877370456
05/01/2018,Oman,United Arab Emirates,0,0,89,78,11,0.055,0.974452794,0.784302915,1.674925805,0.87003867
28/02/2018,Iraq,Saudi Arabia,4,1,87,68,19,0.095,1.156182927,0.93342501,1.497078882,0.657374134
21/03/2018,Iraq,Qatar,2,3,87,98,-11,-0.055,1.266159725,0.779027616,1.373989365,0.833679196
24/03/2018,Qatar,Syria,2,2,98,74,24,0.12,1.407127974,0.97926295,1.344438146,0.985998333
27/03/2018,Iraq,Syria,1,1,87,74,13,0.065,1.178178286,0.902545531,1.287825768,1.026323159
07/09/2018,Qatar,China PR,1,0,98,73,25,0.125,1.40346208,0.984409529,1.511147516,0.694566728
09/09/2018,Lebanon,Oman,0,0,82,89,-7,-0.035,0.989655409,1.121954397,1.071412345,0.944954489
15/10/2018,Saudi Arabia,Iraq,1,1,68,87,-19,-0.095,1.3789376,0.831738874,1.00175718,0.732391574
16/10/2018,China PR,Syria,2,0,73,74,-1,-0.005,1.497953817,0.833010703,1.215773651,1.077645664
16/11/2018,Oman,Syria,1,1,89,74,15,0.075,0.959789221,0.804889235,1.298118928,1.018991372
17/11/2018,Australia,South Korea,1,1,39,56,-17,-0.085,1.884347139,0.591418671,1.16689533,0.915606454
20/11/2018,Australia,Lebanon,3,0,39,82,-43,-0.215,1.979660364,0.457607596,0.449731897,1.163404129
24/12/2018,Iraq,China PR,2,1,87,73,14,0.07,1.174512393,0.907692111,1.454535138,0.734891554
30/12/2018,Australia,Oman,5,0,39,89,-50,-0.25,2.005321617,0.421581537,0.850109413,1.102587899
31/12/2018,South Korea,Saudi Arabia,0,0,56,68,-12,-0.06,1.42994171,0.58632887,1.337534908,0.771016825
31/12/2018,Qatar,Iran,1,2,98,33,65,0.325,1.256826349,1.190272721,2.348406741,0.211541522
08/01/2019,Iraq,Vietnam,3,2,75,97,-22,-0.11,1.306484551,0.722415238,1.584002896,1.092436195
09/01/2019,Qatar,Lebanon,2,0,57,88,-31,-0.155,1.608752103,0.69620106,0.511490854,1.119413409
12/01/2019,Vietnam,Iran,0,2,97,25,72,0.36,0.905068316,1.033890699,2.3844328,0.185880269
12/01/2019,Lebanon,Saudi Arabia,0,2,88,69,19,0.095,0.894342184,1.255765472,1.497078882,0.657374134
13/01/2019,Oman,Japan,0,1,85,29,56,0.28,0.809487597,1.015899007,2.012312704,0.301825213
15/01/2019,Australia,Syria,3,2,43,83,-40,-0.2,1.968662684,0.473047335,1.015057038,1.220615502
16/01/2019,South Korea,China PR,2,0,38,72,-34,-0.17,1.510591362,0.473104114,1.207499307,0.910854431
16/01/2019,Iran,Iraq,0,0,25,75,-50,-0.25,2.218912591,0.258023535,0.842213206,0.846034266
17/01/2019,Saudi Arabia,Qatar,0,2,69,57,12,0.06,1.265294909,0.991282848,1.4923607,0.749363651
20/01/2019,Iran,Oman,2,0,25,85,-60,-0.3,2.255571524,0.206557737,0.798643615,1.139246832
21/01/2019,Japan,Saudi Arabia,1,0,29,69,-40,-0.2,2.017845898,0.784896742,1.193430673,0.873661837
22/01/2019,Qatar,Iraq,1,0,57,75,-18,-0.09,1.561095491,0.763106598,1.00690376,0.728725681
24/01/2019,China PR,Iran,0,3,72,25,47,0.235,1.32199094,1.080046533,2.255768305,0.277527601
24/01/2019,Vietnam,Japan,0,1,97,29,68,0.34,0.919731889,1.013304379,2.074071661,0.257834493
25/01/2019,South Korea,Qatar,0,1,38,57,-19,-0.095,1.455602963,0.550302811,1.332816726,0.863006342
25/01/2019,United Arab Emirates,Australia,1,0,68,43,25,0.125,1.462972484,1.018669109,2.410314876,0.416023342
28/01/2019,Iran,Japan,0,3,25,29,-4,-0.02,2.050281501,0.494766206,1.703517915,0.521778809
29/01/2019,Qatar,United Arab Emirates,4,0,57,68,-11,-0.055,1.535434238,0.799132656,1.561701049,0.950688322
01/02/2019,Japan,Qatar,1,3,29,57,-28,-0.14,1.973855179,0.846655699,1.286497508,0.895999381
21/03/2019,United Arab Emirates,Saudi Arabia,2,1,68,69,-1,-0.005,1.558285709,0.884858034,1.394147286,0.730691999
26/03/2019,United Arab Emirates,Syria,0,0,68,83,-15,-0.075,1.609608215,0.812805917,1.143721534,1.12896817
06/06/2019,Iran,Syria,5,0,25,83,-58,-0.29,2.248239737,0.216850897,0.922418602,1.286601581
07/06/2019,South Korea,Australia,1,0,38,43,-5,-0.025,1.404280457,0.622354928,2.255917481,0.52600014
11/06/2019,South Korea,Iran,1,1,38,25,13,0.065,1.338294378,0.714993365,2.080784591,0.402167972
10/09/2019,Oman,Lebanon,1,0,85,88,-3,-0.015,1.0257753,0.712250798,0.655595089,1.016768398
15/10/2019,Qatar,Oman,2,1,57,85,-28,-0.14,1.597754424,0.7116408,0.963334169,1.021938247
14/11/2019,Syria,China PR,2,1,83,72,11,0.055,1.477873397,0.872787155,1.439095398,0.745889234
14/11/2019,Iraq,Iran,2,1,75,25,50,0.25,1.042540235,1.092968984,2.271208044,0.266529921
14/11/2019,Vietnam,United Arab Emirates,1,0,97,68,29,0.145,1.062701727,0.812587767,1.767564242,0.804052591
14/11/2019,Lebanon,South Korea,0,0,88,38,50,0.25,0.780699493,1.415309446,1.511716177,0.669991605
26/11/2019,Qatar,Iraq,1,2,57,75,-18,-0.09,1.561095491,0.763106598,1.00690376,0.728725681
29/11/2019,United Arab Emirates,Iraq,0,2,68,75,-7,-0.035,1.580281069,0.853978556,1.063516138,0.688400855
02/12/2019,Qatar,United Arab Emirates,4,2,57,68,-11,-0.055,1.535434238,0.799132656,1.561701049,0.950688322
02/12/2019,Oman,Saudi Arabia,1,3,85,69,16,0.08,0.956123327,0.810035814,1.481639142,0.668371814
05/12/2019,Qatar,Saudi Arabia,0,1,57,69,-12,-0.06,1.539100131,0.793986077,1.337534908,0.771016825
10/12/2019,China PR,Japan,1,2,72,29,43,0.215,1.336654513,1.059460214,1.945407166,0.349481825
15/12/2019,South Korea,China PR,1,0,38,72,-34,-0.17,1.510591362,0.473104114,1.207499307,0.910854431
18/12/2019,South Korea,Japan,1,0,38,29,9,0.045,1.352957951,0.694407045,1.770423453,0.474122196
17/11/2020,South Korea,Qatar,2,1,39,56,-17,-0.085,1.448271177,0.560595971,1.343109886,0.855674555
12/01/2021,United Arab Emirates,Iraq,0,0,73,68,5,0.025,1.536290349,0.915737513,1.125275095,0.644410136
25/03/2021,Japan,South Korea,3,0,28,39,-11,-0.055,1.911534994,0.934147556,1.197774809,0.893611094
30/03/2021,Iran,Syria,3,0,30,78,-48,-0.24,2.211580805,0.268316695,0.9738844,1.249942648
07/06/2021,Oman,Qatar,0,1,80,58,22,0.11,0.934127968,0.840915293,1.543826498,0.712704718
13/06/2021,South Korea,Lebanon,2,1,39,93,-54,-0.27,1.583909228,0.370172518,0.393119519,1.203728955
15/06/2021,China PR,Syria,3,1,76,78,-2,-0.01,1.50161971,0.827864123,1.210627071,1.081311558
15/06/2021,Iran,Iraq,1,0,30,68,-38,-0.19,2.174921872,0.319782493,0.903972164,0.802043546
15/06/2021,United Arab Emirates,Vietnam,3,2,73,92,-19,-0.095,1.624271788,0.792219598,1.599442635,1.081438515